"name","email","mobile"
milan,milanlimbasiya@gmail.com,"9873214056"
Gavin Oliver,amene@tupbug.ke,"9638527410"
Bradley Phelps,cujalin@korvis.si,"9513578460"
Emma Young,adamoit@kopi.mc,"9865321473"
Tillie Floyd,pot@ducbikpo.de,"7832951460"
Lottie Andrews,lako@sososneb.pe,"9674321680"
Lester Swanson,mijukaher@lovi.ac,"8522589631"
Ola Ballard,zicmopo@rekal.tj,"7894563692"
Jennie Hubbard,ve@fiagza.ai,"7894563694"
Stella Hale,pufibde@lap.mq,"7894563697"
Beulah Arnold,metcu@izew.pn,"7894569092"
Lottie Lloyd,wajan@je.wf,"7894500002"
Luis Edwards,cuvimimi@hih.be,,"7894598742"
Tyler Foster,amo@vur.sz,"7894561245"
Celia McDaniel,an@vodobbul.za,"7980063692"
Claudia Zimmerman,vesdot@veta.af,"7894563222"
Carolyn Morrison,anicipe@tejerod.ki,"7894563612"
Albert Murray,jigev@isu.se,"7894569632"
Kyle Chambers,seesuzih@uno.sk,"7894563677"
Sarah Rios,wistocaf@uwa.bb,"7894563697"
Ophelia Henry,uliin@bengumhek.ec,"7894563690"
Theodore Coleman,delade@lekegdu.pn,"7894563662"
Jessie Reyes,rezes@su.km,"7894563692"
Michael Bowers,ki@sacaz.bo,"9894563692"
Rose Morton,gaduzak@efelu.cx,"9894563602"
Harold King,wusenem@zibeces.dk,"9894563691"
Jason Howard,zinu@peska.ba,"9894563693"
Pearl Chambers,edira@uwe.it,"9894563694"
Zachary Graham,zikafi@namudvaj.pm,"9894563695"
Isabella Fields,laloj@bonpuk.vi,"9894563696"
Terry Copeland,tiszoknos@zajas.hr,"9894563697"
Bruce Paul,gebta@wiut.hu,"9894563698"
Thomas Mann,vu@rus.gn,"9894563699"
Aaron Logan,ronviw@we.ba,"9894563610"
Lucy Hoffman,wop@pa.jm,"9894563692"
Randy Hodges,icge@nognos.ae,"9894563692"
Ida Garza,ket@hevimak.gm,"9894563692"
Peter Wells,deh@ru.es,"9894563692"
Lucille Hubbard,su@sicuv.bf,"9894563692"
Jesse Patrick,cepupiz@buoranip.rs,"9894563692"
Willie Cunningham,zezsuwi@sehbeil.ky,"9894563692"
Allen Manning,ima@as.sy,"9894563692"
Hester Estrada,cawtovcad@jaaz.cm,"9894563692"
Harriet Fields,jatbu@hahato.vc,"9894563692"
Eleanor Brock,tep@lucko.at,"9894563692"
Lola Jordan,ebofej@zezupwec.bb,"9894563692","9894563692"
Jim Fernandez,ka@cutgewzej.us,"9894563692"
Lucinda Ray,bupnecne@ulkih.sk,"9894563692","9894563692"
Essie Allen,lov@livevfi.sa,"9894563692"
Craig Mendez,rogfonvir@ruzgo.pk
Douglas Goodwin,uvbaz@be.aw
